score_band,rank,deck_type,teams,classified_teams_in_band,usage_rate,usage_percent,representative_card_id,representative_card_name
1100+,1,Marnie Grimmsnarl,10,17,0.5882352941176471,58.82,648,Marnie's Grimmsnarl ex
1100+,2,Mega Lopunny,2,17,0.11764705882352941,11.76,849,Mega Lopunny ex
1100+,3,Teal Mask Ogerpon,2,17,0.11764705882352941,11.76,96,Teal Mask Ogerpon ex
1100+,4,Crustle Wall,1,17,0.058823529411764705,5.88,345,Crustle
1100+,5,Cynthia Garchomp,1,17,0.058823529411764705,5.88,381,Cynthia's Garchomp ex
1100+,6,Dragapult,1,17,0.058823529411764705,5.88,121,Dragapult ex
1000-1099,1,Marnie Grimmsnarl,58,95,0.6105263157894737,61.05,648,Marnie's Grimmsnarl ex
1000-1099,2,Alakazam,9,95,0.09473684210526316,9.47,743,Alakazam
1000-1099,3,Crustle Wall,9,95,0.09473684210526316,9.47,345,Crustle
1000-1099,4,Festival Lead,6,95,0.06315789473684211,6.32,93,Dipplin
1000-1099,5,Dragapult,4,95,0.042105263157894736,4.21,121,Dragapult ex
1000-1099,6,Cynthia Garchomp,2,95,0.021052631578947368,2.11,381,Cynthia's Garchomp ex
1000-1099,7,Mega Kangaskhan,2,95,0.021052631578947368,2.11,756,Mega Kangaskhan ex
1000-1099,8,Mega Lopunny,2,95,0.021052631578947368,2.11,849,Mega Lopunny ex
1000-1099,9,Team Rocket Mewtwo,2,95,0.021052631578947368,2.11,431,Team Rocket's Mewtwo ex
1000-1099,10,Teal Mask Ogerpon,1,95,0.010526315789473684,1.05,96,Teal Mask Ogerpon ex
900-999,1,Marnie Grimmsnarl,99,228,0.4342105263157895,43.42,648,Marnie's Grimmsnarl ex
900-999,2,Alakazam,54,228,0.23684210526315788,23.68,743,Alakazam
900-999,3,Crustle Wall,23,228,0.10087719298245613,10.09,345,Crustle
900-999,4,Cynthia Garchomp,11,228,0.04824561403508772,4.82,381,Cynthia's Garchomp ex
900-999,5,Mega Lucario,9,228,0.039473684210526314,3.95,678,Mega Lucario ex
900-999,6,Team Rocket Mewtwo,9,228,0.039473684210526314,3.95,431,Team Rocket's Mewtwo ex
900-999,7,Archaludon,4,228,0.017543859649122806,1.75,190,Archaludon ex
900-999,8,Dragapult,4,228,0.017543859649122806,1.75,121,Dragapult ex
900-999,9,Festival Lead,3,228,0.013157894736842105,1.32,93,Dipplin
900-999,10,N's Zoroark,3,228,0.013157894736842105,1.32,293,N’s Zoroark ex
800-899,1,Alakazam,78,283,0.2756183745583039,27.56,743,Alakazam
800-899,2,Marnie Grimmsnarl,67,283,0.23674911660777384,23.67,648,Marnie's Grimmsnarl ex
800-899,3,Archaludon,46,283,0.1625441696113074,16.25,190,Archaludon ex
800-899,4,Crustle Wall,34,283,0.12014134275618374,12.01,345,Crustle
800-899,5,Mega Lucario,11,283,0.038869257950530034,3.89,678,Mega Lucario ex
800-899,6,Dragapult,10,283,0.0353356890459364,3.53,121,Dragapult ex
800-899,7,Cynthia Garchomp,9,283,0.03180212014134275,3.18,381,Cynthia's Garchomp ex
800-899,8,Team Rocket Mewtwo,7,283,0.024734982332155476,2.47,431,Team Rocket's Mewtwo ex
800-899,9,Mega Froslass,4,283,0.014134275618374558,1.41,861,Mega Froslass ex
800-899,10,Iono Bellibolt,3,283,0.01060070671378092,1.06,269,Iono’s Bellibolt ex
700-799,1,Archaludon,80,290,0.27586206896551724,27.59,190,Archaludon ex
700-799,2,Alakazam,76,290,0.2620689655172414,26.21,743,Alakazam
700-799,3,Mega Lucario,46,290,0.15862068965517243,15.86,678,Mega Lucario ex
700-799,4,Marnie Grimmsnarl,20,290,0.06896551724137931,6.9,648,Marnie's Grimmsnarl ex
700-799,5,Crustle Wall,10,290,0.034482758620689655,3.45,345,Crustle
700-799,6,Mega Starmie,9,290,0.03103448275862069,3.1,1031,Mega Starmie ex
700-799,7,Cynthia Garchomp,8,290,0.027586206896551724,2.76,381,Cynthia's Garchomp ex
700-799,8,Dragapult,8,290,0.027586206896551724,2.76,121,Dragapult ex
700-799,9,Great Tusk / Crustle,8,290,0.027586206896551724,2.76,58,Great Tusk
700-799,10,Iono Bellibolt,8,290,0.027586206896551724,2.76,269,Iono’s Bellibolt ex
600-699,1,Mega Lucario,69,285,0.24210526315789474,24.21,678,Mega Lucario ex
600-699,2,Alakazam,52,285,0.1824561403508772,18.25,743,Alakazam
600-699,3,Dragapult,37,285,0.12982456140350876,12.98,121,Dragapult ex
600-699,4,Crustle Wall,36,285,0.12631578947368421,12.63,345,Crustle
600-699,5,Marnie Grimmsnarl,21,285,0.07368421052631578,7.37,648,Marnie's Grimmsnarl ex
600-699,6,Mega Starmie,13,285,0.0456140350877193,4.56,1031,Mega Starmie ex
600-699,7,Hop Trevenant,10,285,0.03508771929824561,3.51,879,Hop's Trevenant
600-699,8,Archaludon,9,285,0.031578947368421054,3.16,190,Archaludon ex
600-699,9,Team Rocket Mewtwo,9,285,0.031578947368421054,3.16,431,Team Rocket's Mewtwo ex
600-699,10,Great Tusk / Crustle,7,285,0.02456140350877193,2.46,58,Great Tusk
500-599,1,Mega Lucario,84,276,0.30434782608695654,30.43,678,Mega Lucario ex
500-599,2,Alakazam,40,276,0.14492753623188406,14.49,743,Alakazam
500-599,3,Crustle Wall,37,276,0.13405797101449277,13.41,345,Crustle
500-599,4,Dragapult,30,276,0.10869565217391304,10.87,121,Dragapult ex
500-599,5,Marnie Grimmsnarl,18,276,0.06521739130434782,6.52,648,Marnie's Grimmsnarl ex
500-599,6,Mega Starmie,15,276,0.05434782608695652,5.43,1031,Mega Starmie ex
500-599,7,Hop Trevenant,11,276,0.03985507246376811,3.99,879,Hop's Trevenant
500-599,8,Mega Abomasnow,9,276,0.03260869565217391,3.26,723,Mega Abomasnow ex
500-599,9,Ceruledge,4,276,0.014492753623188406,1.45,320,Ceruledge ex
500-599,10,Cynthia Garchomp,4,276,0.014492753623188406,1.45,381,Cynthia's Garchomp ex
