original_path,archive_path,bytes,git_status,sha256
check.py,source/check.py,201,untracked,f4caca5db3c6f780d1d63858c682b2a00a889353c8c338337c14d30dfa82fdd5
contracts/c000_repository_audit_and_baseline/results/artifacts/baseline_measure.py,source/contracts/c000_repository_audit_and_baseline/results/artifacts/baseline_measure.py,2740,tracked,5e38971aa767d3d2ce7ae249a26ca13a484e7409e3c2febcbab4c7411cc3ee37
contracts/c000_repository_audit_and_baseline/results/artifacts/run_one_game.py,source/contracts/c000_repository_audit_and_baseline/results/artifacts/run_one_game.py,1338,tracked,583f3dae8207e8459921a24ec2e23d1cb4e664e918da96e9ec2a55ea0a1f2962
contracts/c001_deterministic_safe_agent_core/results/artifacts/source_snapshot/benchmark_safe_agent.py,source/contracts/c001_deterministic_safe_agent_core/results/artifacts/source_snapshot/benchmark_safe_agent.py,10113,tracked,7572a50111868acb199acc4643729293f9367bd034e5f24eb00d7fde4300c7d3
contracts/c001_deterministic_safe_agent_core/results/artifacts/source_snapshot/starter_kit_main.py,source/contracts/c001_deterministic_safe_agent_core/results/artifacts/source_snapshot/starter_kit_main.py,1512,tracked,f97b6cbd6ec3c56c48bc510abfc61b2ac62feb9fc47633938bf33a7b1de31261
contracts/c001_deterministic_safe_agent_core/results/artifacts/source_snapshot/starter_kit_safe_policy.py,source/contracts/c001_deterministic_safe_agent_core/results/artifacts/source_snapshot/starter_kit_safe_policy.py,6942,tracked,e429af6106b8fbe9e1af32d5f83355ea3115f99a0f01c0941e58486279815d8e
contracts/c001_deterministic_safe_agent_core/results/artifacts/source_snapshot/test_agent_integration.py,source/contracts/c001_deterministic_safe_agent_core/results/artifacts/source_snapshot/test_agent_integration.py,4622,tracked,9515e4ba86977530a540919ba136f3ca3b1cb7d1f18b437946d3a41079d95a86
contracts/c001_deterministic_safe_agent_core/results/artifacts/source_snapshot/test_safe_policy.py,source/contracts/c001_deterministic_safe_agent_core/results/artifacts/source_snapshot/test_safe_policy.py,7958,tracked,c213b9c592343fd8f150d20cf871e73608649de1f8756defaf5b44d6044ec1c2
starter_kit/__init__.py,source/starter_kit/__init__.py,0,tracked,e3b0c44298fc1c149afbf4c8996fb92427ae41e4649b934ca495991b7852b855
starter_kit/agents.py,source/starter_kit/agents.py,4019,tracked,42ae62f55631d77b3667671049e976b2375c92dc86fea600ad3b461a7bde7b11
starter_kit/api.py,source/starter_kit/api.py,26933,tracked,593f1298e52a635f90f8f505a52113e9af114f444c293404e37906f18ee06ced
starter_kit/c009_eval.py,source/starter_kit/c009_eval.py,13092,tracked,d0f6619af20e3539721c5494d06e9e0d4a9b3d57f24d2447d3856053d0b4d60b
starter_kit/c010_decisions.py,source/starter_kit/c010_decisions.py,16755,tracked,1bab33b8966094e62aaf53694bce2bb1eef6e9ec42d504af53594966949b2933
starter_kit/c010_train.py,source/starter_kit/c010_train.py,9359,tracked,c47b81a8220d072c8c6c29e08673b1b6bea0c6ba491f25637a8f79c1e79ab52e
starter_kit/c011_eval_core.py,source/starter_kit/c011_eval_core.py,2291,tracked,7d958820a0c218cd6dbc780a2ef17b2a8a7140ea2945430297caafde169faae9
starter_kit/candidates.py,source/starter_kit/candidates.py,7401,tracked,95cdbb40f0a0644cec6a794454151522fe23d36d5165a098b7e7bf66beba33d0
starter_kit/card_vocab.py,source/starter_kit/card_vocab.py,6753,tracked,8fb47945c3afd0f96d256965a1cecf5c90d270f08ea1839a437fa3f82b6b04c1
starter_kit/control_agent.py,source/starter_kit/control_agent.py,890,tracked,9ea9b59ba7da02420e8639e5ffb17ae4cfc8ca6fc03d26aec9b0feb70aea43b4
starter_kit/decision_taxonomy.py,source/starter_kit/decision_taxonomy.py,5882,tracked,09e209b4ad48409c9a1f5e54bf63847503be945176fbe1dfcf543fc80eaea6ca
starter_kit/decoders.py,source/starter_kit/decoders.py,3001,tracked,b9529e553fcdc2ceecb3959e1412c2db2fe6ac86578f29645b147344011d5e2a
starter_kit/episode_capture.py,source/starter_kit/episode_capture.py,8965,tracked,97f024e6ed7a7f11b2d4742fb7e371fd50e35ee34a691426f79bd546799b2bc3
starter_kit/episode_capture_v2.py,source/starter_kit/episode_capture_v2.py,8417,tracked,780dd5d2f612baa64673b3b478514d4b593fb8f2aa910a41342517714ed7415e
starter_kit/episode_compat.py,source/starter_kit/episode_compat.py,3915,tracked,12a088591b9cbd6ee86724f25ad992df3830064ccfb5ad010c48f20fd7fb3135
starter_kit/episode_schema.py,source/starter_kit/episode_schema.py,9061,tracked,6be3b36052d08e83b767eb7394cae99b84c0e045503fb02cefa6a4ff76d42ebe
starter_kit/game.py,source/starter_kit/game.py,2225,tracked,3bd3d4f4a369a11e6d2f5da9094cf15ebc410a2221835e6417b7cff4883f1fc2
starter_kit/gameplay.py,source/starter_kit/gameplay.py,5192,tracked,0546a63a79fec38b9df0680cbcc6e674e1e32e3414f9ea85aef52a5b16c75dcb
starter_kit/gauntlet_stats.py,source/starter_kit/gauntlet_stats.py,6048,tracked,4f3822c64bb571637190bff065aba5de1c49ad87a6041b8e0bc00d7b722be22e
starter_kit/hybrid_agent.py,source/starter_kit/hybrid_agent.py,10877,tracked,d17ca351526a222c93d495f892bc63b368ab156e49ad1a96471034649d67244d
starter_kit/hybrid_gameplay.py,source/starter_kit/hybrid_gameplay.py,5413,tracked,2444ead3ace1cf660af368c2c80ff4421c688c3532027cfa4132e5d2a5fe5597
starter_kit/instrumented_teacher.py,source/starter_kit/instrumented_teacher.py,6409,tracked,b8872c87e1eeca5816d5a25277aa79e0dab410b6bb61cae6a497bf01f61e6719
starter_kit/main.py,source/starter_kit/main.py,1512,tracked,f97b6cbd6ec3c56c48bc510abfc61b2ac62feb9fc47633938bf33a7b1de31261
starter_kit/micrograd.py,source/starter_kit/micrograd.py,12173,tracked,f8f81df43e3fa8f02ff1c2ebc540b7f50b6547908d58de536a61b78922c241c4
starter_kit/noninf_stats.py,source/starter_kit/noninf_stats.py,1455,tracked,40f83e1af2f47aeeca86a9c361018f8a592062b96dfc500d0f614d7079cf3a40
starter_kit/obs_norm.py,source/starter_kit/obs_norm.py,4553,tracked,49fc44c29b1136fbcb14198ee5ab2622adb368fb0c80500d2fac46cb9498cdec
starter_kit/policy_data.py,source/starter_kit/policy_data.py,6627,tracked,e9924614f8225d4edf44be2b1528369337ec5e64e48d83d1b0f130311d10ae2e
starter_kit/policy_data_v2.py,source/starter_kit/policy_data_v2.py,8483,tracked,c01932fb2b7d539b6c63fbdf9ddfdfe2a640c9968e34734c8d1064e85335bcd7
starter_kit/policy_features.py,source/starter_kit/policy_features.py,8751,tracked,dcee5c3a37a92a1442be734832a6a5982a84982340ee00274378ad36e17b430b
starter_kit/policy_model.py,source/starter_kit/policy_model.py,11044,tracked,f1e2f25a6a5d5f937f99bf10feb453e872a8793c26880d15454697bd7fe62c91
starter_kit/policy_model_v2.py,source/starter_kit/policy_model_v2.py,10269,tracked,fc24b038f6b9d05c25d1023cc0b0dce340fb277d17ce275b00171f2040759342
starter_kit/ppo.py,source/starter_kit/ppo.py,7905,tracked,16c1e9ade5bc59ec4d499e1c9989f83ae59bc665ffeb205557dbbb8cff90b85b
starter_kit/replay_registry.py,source/starter_kit/replay_registry.py,2557,tracked,caa4b85915f9c6f1f7574d59854f139a3f4d21bcdb859a2019b64fdaf1cf598a
starter_kit/rl_env.py,source/starter_kit/rl_env.py,7534,tracked,35c9a2f6470276ebb321a64a22928c85e5177839f8df5dc2289985e809735702
starter_kit/rl_policy.py,source/starter_kit/rl_policy.py,10342,tracked,780c26453703ab3b86c869d9de35e7e38041dc18210954356e4b401114bd8d97
starter_kit/safe_policy.py,source/starter_kit/safe_policy.py,6942,tracked,e429af6106b8fbe9e1af32d5f83355ea3115f99a0f01c0941e58486279815d8e
starter_kit/sim.py,source/starter_kit/sim.py,1966,tracked,e7a804ee4cd7c5a9a3b8dc91f9581ff3585f9431633a41f33d7707194cb31191
starter_kit/state_encoder_v2.py,source/starter_kit/state_encoder_v2.py,18405,tracked,874c0c8c2b05774715abbc6e1b0d8f2c4900cb30fe7a6d9194b70ea370df76f6
starter_kit/student_agent.py,source/starter_kit/student_agent.py,4575,tracked,2f5dd775a6c3919b25bf104d7601da47fe5275838a4ccff9d87f397e5de8a5b1
starter_kit/teacher_variants.py,source/starter_kit/teacher_variants.py,7196,tracked,4366b37dc1c9ebe2f571facd1a01932c6302ff934c02e2adfd3cec4ea00f0a7f
starter_kit/teachers.py,source/starter_kit/teachers.py,6189,tracked,241953f15cdaba4d13355dc8a7a98a6cbdf3d8884fd89ab9f5b491adc3658fb6
starter_kit/utils.py,source/starter_kit/utils.py,1970,tracked,60f29665cee0a88525d6f0383bc45959a6262d16fe35ef380aece1e0ea13c49b
test_engine.py,source/test_engine.py,1172,tracked,a5d081b7b16f6a9707c0dc69d60a69233df14b2cee3715e8ac4bf69ee40b9c92
tests/__init__.py,source/tests/__init__.py,0,tracked,e3b0c44298fc1c149afbf4c8996fb92427ae41e4649b934ca495991b7852b855
tests/_v2_helpers.py,source/tests/_v2_helpers.py,4922,tracked,748aefd6a3e7b2fd4097e550a5c14c6a261c9f39a9be04c10727694ea86d0531
tests/test_agent_integration.py,source/tests/test_agent_integration.py,3738,tracked,2599380d920dbc39ff9f36120be892fce7db4905e9769244d6306b142351d379
tests/test_c003_amendments.py,source/tests/test_c003_amendments.py,5658,tracked,b25ba3a563b267c5b0243778b39fa5378149e1c03963caa10a85607da2eedf8a
tests/test_c006_models.py,source/tests/test_c006_models.py,7876,tracked,505bae74f2c114188e21127a5c592d672e70307abe38b6518d6b3eb9497a8c32
tests/test_c007_models.py,source/tests/test_c007_models.py,7217,tracked,beeabbc0b2cc9ddc23eb8747caa3fc23ec30202f552ec7b5642456e8431c67e8
tests/test_c009_eval_identity.py,source/tests/test_c009_eval_identity.py,7432,tracked,ac57b3aef0b37d3b2fb621850978f90ad5f84420c45da8f9d537a0802f9b31b0
tests/test_c009_evidence_validation.py,source/tests/test_c009_evidence_validation.py,9437,tracked,a9ff5bcaa1b561cd1a0aa379221baaa382d15731be07f01cc6e181950fbe5307
tests/test_c010_arm_registration.py,source/tests/test_c010_arm_registration.py,7114,tracked,bd384551aec3d512e23a4ad9e81620e102a9c479f7d49a9d3ff8a0dc5b44839f
tests/test_c010_content_validation.py,source/tests/test_c010_content_validation.py,7925,tracked,ae1e243c8b181d13d8295c7378ac5d8e293e0cb80814cf82426ad408678f6a82
tests/test_c010_identity_safe_eval.py,source/tests/test_c010_identity_safe_eval.py,6531,tracked,8fb591d1e5871947a25e7caca062aa134309a7171a259a6b0ecd27e92c753a18
tests/test_c010_incumbent_protection.py,source/tests/test_c010_incumbent_protection.py,5736,tracked,c6ec91dc7f0776678e32d4e6af98747feaabc31069d0129a1d5d8116ea1cd9cd
tests/test_c010_promotion_rules.py,source/tests/test_c010_promotion_rules.py,13894,tracked,ddadbac0724c12b66768a005cdc7433ce641939c1c8d5344316e0ec4e1764660
tests/test_candidates.py,source/tests/test_candidates.py,3145,tracked,5d3398a258f67d85cc927466963b4ae5c6284937c2e1cf1441fb8271912a0b30
tests/test_compression.py,source/tests/test_compression.py,2171,tracked,772255ade619362daf0776a14487cca5f503d6936a2131a93cce0de83b30e364
tests/test_deck_registry.py,source/tests/test_deck_registry.py,1988,tracked,455548fc20eb40d1ee96ec035653b75767d6885404f9af285813b52048095ee4
tests/test_episode_capture.py,source/tests/test_episode_capture.py,10792,tracked,f3440ea9d3f8b0f783d348ecf94c9c335a70a85412bb72aa1e4c896471788f5f
tests/test_gauntlet_analysis.py,source/tests/test_gauntlet_analysis.py,4692,tracked,611dadd7c3f5a7156b26888a283a5a220a64c670e0d65f960185209c9ea8f1e6
tests/test_gauntlet_stats.py,source/tests/test_gauntlet_stats.py,3241,tracked,ce3fbeffedb217bd066d568ffffe1a7d6790c5b918730fd467a5db021d90f65e
tests/test_observation_snapshot.py,source/tests/test_observation_snapshot.py,3172,tracked,33429f4015936c1b22460d08ec11bd5a4cd465e9f0bbcf39fcf7eb1093aeda54
tests/test_provenance.py,source/tests/test_provenance.py,3306,tracked,bedc2edc63e7834482d49830c84e3fefe18a2f80d15d8ea083523f3ab5a4beb8
tests/test_runtime_assets.py,source/tests/test_runtime_assets.py,3288,tracked,658ac0e79bfb2e7a254bebdba03ad0ba4a79287b96bd0eda199fc7ceafb09fd3
tests/test_safe_policy.py,source/tests/test_safe_policy.py,7330,tracked,e1d0ba8706ef074c1cb0992b9d415d95297a912ca73b5da9dab14376feecc757
tests/test_schema_v1_compatibility.py,source/tests/test_schema_v1_compatibility.py,3562,tracked,e35daaf0a3ee17f93575f4a7f07906b1d666760aaa9b54b48427ddcb02fde6ab
tests/test_schema_v2_lineage.py,source/tests/test_schema_v2_lineage.py,3800,tracked,2458d040732d35816b151d3e66b5f086557329cb7c84954fc618ccb030ede369
tests/test_semantic_replay.py,source/tests/test_semantic_replay.py,4352,tracked,65ed327d83f241486819bd78c37d674d82bc9386aa4fdb968de8395965145042
tests/test_teachers.py,source/tests/test_teachers.py,3338,tracked,7cea668d5a140f9cc7a6d4c9b436ab2abe2f0260a6e1fd33ea342f7c2c59dd28
tests/test_terminal_classification.py,source/tests/test_terminal_classification.py,2261,tracked,7218966a32a5344537238ad8663edfa683cdaa9df39f8931adf7b13ace1e4f8f
tools/acquire_teachers.py,source/tools/acquire_teachers.py,7149,tracked,00de2ca1d17eadf05e6140b35b3bd5f21e588eb968506d34af40ba7e6d798c74
tools/analyze_gauntlet.py,source/tools/analyze_gauntlet.py,13683,tracked,5f54e792361644f746707917682fc3323a5bfee4ec20178f62fa96eed20281d8
tools/analyze_strategic_gauntlet.py,source/tools/analyze_strategic_gauntlet.py,11159,tracked,9cd7361b2f50766dcfcc0beee0ef2d10d30f9497e66f39ca0d74d62183d31a23
tools/analyze_student_gauntlet.py,source/tools/analyze_student_gauntlet.py,7615,tracked,e10b5a2765b69687037d799460f90d9ae4e1004385c6ff00c0bf45964bb2473b
tools/benchmark_safe_agent.py,source/tools/benchmark_safe_agent.py,10113,tracked,7572a50111868acb199acc4643729293f9367bd034e5f24eb00d7fde4300c7d3
tools/build_sequence_dataset.py,source/tools/build_sequence_dataset.py,7384,tracked,922ae00cf38215db80666653e29cb04cd7b6a7f8aefa20f6a2a7928cb4fe188f
tools/build_submission.py,source/tools/build_submission.py,11997,tracked,63163c8e7bca0b88365301123a1df0d46eeb1f82a1aaad0fb669f62b0b4471e1
tools/build_submission_b.py,source/tools/build_submission_b.py,9913,tracked,49c65fcda15a5909daa1e11ddfd685b7d3e3db55ece1f250eff25827f7216603
tools/build_submission_c.py,source/tools/build_submission_c.py,10985,tracked,21ecee6862de2b5ea675256eb2ea00060b8c88af4cd54ac388bcd9251cb92b51
tools/build_submission_d.py,source/tools/build_submission_d.py,6977,tracked,6bd65815ef8cd1e85e1271680318eb39f7639815f9fffda53b42bfa55d673553
tools/c006_build_vocab.py,source/tools/c006_build_vocab.py,2724,tracked,d0ce4de86e439507a291c146e96d438d3d20669c6cb5296d5497effde0cf84d9
tools/c006_decide.py,source/tools/c006_decide.py,13563,tracked,c2b3156ad8a004b94e796b7a011dc11b56abf4c1349b1b51526acd7815a20f6e
tools/c006_gameplay.py,source/tools/c006_gameplay.py,12728,tracked,f7e2d3d8c6175c0cbb690507e2648ddb759d4be1a6f406070eb067f9b46f47b8
tools/c006_register_experiment.py,source/tools/c006_register_experiment.py,8992,tracked,5608722527ad45070453363b1a70d3fa106f4ae0eac4c3d8443c739bb64e97f8
tools/c006_taxonomy_decoders.py,source/tools/c006_taxonomy_decoders.py,8205,tracked,151412ac386f15dadcd943cdffde2e46b1ec46ee49d585d4d07e950b0b30cf80
tools/c006_verify_deps.py,source/tools/c006_verify_deps.py,6813,tracked,1f15bd314ce3af5022ed6fc4b02b4bf605b39e0979e898207d28b9647a144215
tools/c007_build_hybrid.py,source/tools/c007_build_hybrid.py,6350,tracked,6265cbc29494199ef51c32b05365eafb2afee94cb6ca273c109590516811c06f
tools/c007_context_census.py,source/tools/c007_context_census.py,6327,tracked,cd920c83d89b682e2b935ecc800e015078295be80f903f9ff09ae48741404a01
tools/c007_decide.py,source/tools/c007_decide.py,8914,tracked,b2418cd06327c2699dae0f2c490bbeafad1c70ee52b4976dae655f8db317efe0
tools/c007_finalize.py,source/tools/c007_finalize.py,8266,tracked,61349867f253047911950f4dba577f6c2dc2d73d788d8edefb370113e655d5cf
tools/c007_hybrid_gameplay.py,source/tools/c007_hybrid_gameplay.py,18057,tracked,2f2353cb32da62e1f193bfc9f72cec5e0bf95129b40d7d1079c01aed82b08c38
tools/c007_improvement_labels.py,source/tools/c007_improvement_labels.py,14056,tracked,6a6d996c13ac2261a99dd8376af60a28663b4450ddfb548d3d6d958686873c89
tools/c007_on_policy.py,source/tools/c007_on_policy.py,8141,tracked,ce70d5f07844cd750e76bc2ab2ba46828b04f6c0eb14611ffdb2986ca953c0bf
tools/c007_register_experiment.py,source/tools/c007_register_experiment.py,13603,tracked,79cdfe658807763f6ad833ec882a61bb6493d5ba4956686e400d98989a25cf3e
tools/c007_reports.py,source/tools/c007_reports.py,16647,tracked,f10dd2b684b846075cecc573b430b77057f3e330770f8a716ef033c75935ad6f
tools/c007_residual_admission.py,source/tools/c007_residual_admission.py,10641,tracked,48da31d60c3fc2fb1a65d3e694f76866b69430b1121962aafd688eac162d6fee
tools/c007_state_encoder_audit.py,source/tools/c007_state_encoder_audit.py,11227,tracked,633f386e2483713a815266995fdc7909988f206e079a4474dbb03e5782357808
tools/c007_teacher_parity.py,source/tools/c007_teacher_parity.py,16679,tracked,294e9b47db592396b6a3911b3cce182d100ad3a4917e898f0c15e13dd5e5599d
tools/c007_verify_deps.py,source/tools/c007_verify_deps.py,11452,tracked,70b08173f4e38e621c00c75090a5747faf8420f0f22c62247c6cb46e425ad89a
tools/c008_aggregate.py,source/tools/c008_aggregate.py,10018,tracked,ea6cc763c9aa4fa13d1bfdb2ff749f34d8b3b2f469d78a608014b791b03d755a
tools/c008_decide.py,source/tools/c008_decide.py,7999,tracked,79904c98572d8a4baf07fab4f394a634222a9e0b8a51f9c972a662ac7c0be700
tools/c008_final_eval.py,source/tools/c008_final_eval.py,14682,tracked,d19f5c930ba305f537796a6d5fd3bfcd08d4b135c3a336558b76d1abfc6fd5f0
tools/c008_finalize.py,source/tools/c008_finalize.py,6061,tracked,d4512b25445f854a725141989f75bd858e17eae83a43a46a9abaeddcf5448441
tools/c008_kaggle_submit.py,source/tools/c008_kaggle_submit.py,3368,tracked,baffc65916d159ced4ac9d353385e36f3172663f6ff12bd4d33d48150b154188
tools/c008_register_experiment.py,source/tools/c008_register_experiment.py,12254,tracked,cef34d3c7fe666c423ac180ba95b35c62f630731058489263c6536fe82a61ad3
tools/c008_reports.py,source/tools/c008_reports.py,9356,tracked,6aa3e4e82f7e199bc00ca8508201e73902c8eeb8c4c2c0442a8f664d74bace35
tools/c008_validate_rl.py,source/tools/c008_validate_rl.py,13826,tracked,a2258d5d2db8682910627f3e9d6b14e6d6f2a0c486e9b8a00462cbf00ca89d94
tools/c008_verify_deps.py,source/tools/c008_verify_deps.py,8316,tracked,41b75ca3780afad34af177b25f693a80a82846c27f33cf701d457230cdb2c66e
tools/c009_aggregate_repair.py,source/tools/c009_aggregate_repair.py,15170,tracked,255c5aa871d36bcc7b8d8368c28e8801953d7605bef8754b09bbcbca0b92ca16
tools/c009_decide.py,source/tools/c009_decide.py,18640,tracked,5e3aae0fc4ba8a1ad1463d2b59d95bb986ad679991972edbd607cca6beb1a08f
tools/c009_defect_repro.py,source/tools/c009_defect_repro.py,11140,tracked,63d4629b4b3afd4613b5c6dfe2fb194945c17b6206358fc1a6589a461a97071a
tools/c009_eval_repair.py,source/tools/c009_eval_repair.py,19195,tracked,0ddffbf72767f9e023f000d1cd9de00217a2be46b737db24574192213db9bb72
tools/c009_eval_supplement.py,source/tools/c009_eval_supplement.py,4975,tracked,398e0b4094317e1164a501cd942d212f20bfaaa64add1988df83d2770d4d577b
tools/c009_finalize.py,source/tools/c009_finalize.py,7951,tracked,6f2a19948c71934dee7fe8cee12068ec4f849228ad2a048799d0d2854724de7e
tools/c009_registry.py,source/tools/c009_registry.py,7359,tracked,77353936ebc0cc16af37d02a4640c1cc4fd13126b1be63601be4696f6541ecf2
tools/c009_reports.py,source/tools/c009_reports.py,15940,tracked,2ae536e9e4186922c52d530e75fef6343e7b072de683c8b6cb4c56682fa8caf9
tools/c009_validate_evidence.py,source/tools/c009_validate_evidence.py,17774,tracked,b70bff9c664adcec193b625ce8bcc84c0f7ed73f4ccd6c757baf751db33b2040
tools/c009_verify_deps.py,source/tools/c009_verify_deps.py,9163,tracked,7662417bc7a39477a4da54ced8ae15684516c18108c53d161ea678ab56989c51
tools/c010_aggregate.py,source/tools/c010_aggregate.py,19580,tracked,5e1c03e0e578807dd3dce120668a94c91dfb70b687a2e4a6df02d369e72b901a
tools/c010_calibrate.py,source/tools/c010_calibrate.py,8277,tracked,5cbd1f17af3db6dd8fadd95ad2164094938b1170aa084cf7a2fb6f9cf8b89f5b
tools/c010_consolidate.py,source/tools/c010_consolidate.py,7391,tracked,61e65251ec6da2911fd6345316b6e4c19a1998ea569712d1186d2c0a3ccb343b
tools/c010_eval.py,source/tools/c010_eval.py,13336,tracked,64951d6d0f878fab6846808a757265f6c47ae3eab5ad33dd0412e8d1d0f910b7
tools/c010_finalize.py,source/tools/c010_finalize.py,13339,tracked,0770f6be359d2caa83e2300cd2c868b6a25e7e471f51c4008621339915c6d01a
tools/c010_identity_protocol.py,source/tools/c010_identity_protocol.py,4199,tracked,77d614fa22eed14a310a8db83494c5eade2968fbe6c6506310354dc087d883c9
tools/c010_register.py,source/tools/c010_register.py,16984,tracked,42d2a157a111181c5be5021fdbb09a6462a80420a14463f87156ad7987ceae2f
tools/c010_reports.py,source/tools/c010_reports.py,19653,tracked,2cd5c795f67ffc29f3acc88def131019bb5dc24a1a8f940cc02697e28ac12a84
tools/c010_screen.py,source/tools/c010_screen.py,9143,tracked,7bf863d0b192360704e758dea58570b482d90277ec1ccb6a78cd9bd2f5e724d3
tools/c010_train_loop.py,source/tools/c010_train_loop.py,17653,tracked,61b9da0c04f725736d812ed66f1026952c9db671de505e5ff8af074b461f68dd
tools/c010_validate_evidence.py,source/tools/c010_validate_evidence.py,20791,tracked,1216fb4caca0de39f12f423919a091c2314096c2fc894b9bfec66623e9fcd278
tools/c010_validate_ppo.py,source/tools/c010_validate_ppo.py,10316,tracked,0518c16208b9cd1d40cfbeb8e2ad50141a5a793c2b020ba5b48ae7a7f991fbf4
tools/c010_verify_deps.py,source/tools/c010_verify_deps.py,12555,tracked,50fd9277d4076039f67007c4479109b0f314dd5b4adeb737f441f7092ecdb7e6
tools/c011_aggregate.py,source/tools/c011_aggregate.py,20955,tracked,41435c0d322c71c17397cf356e3efe421df599ceaf819898f57904c96e1a8dca
tools/c011_benchmark.py,source/tools/c011_benchmark.py,15142,tracked,64433be63e1a0986e1252cf9635528ff6107ab815e9f3be810257765d13b1a61
tools/c011_build_source_bundle.py,source/tools/c011_build_source_bundle.py,13912,tracked,0802256540405937ede1aead87e9167acfdc3e699ad1b77c3863ceb05a1656bf
tools/c011_consolidate.py,source/tools/c011_consolidate.py,3329,tracked,9c12f0cec130343eb77bd179c7912cf78425b9e8037e04109aec8ec6a1184f3d
tools/c011_cuda_decision.py,source/tools/c011_cuda_decision.py,5933,tracked,3c320eb352c246a60a0ca5c12d6e33be83fc367b7248c1aeaefe6b23ca9114db
tools/c011_eval.py,source/tools/c011_eval.py,15837,tracked,e4dfa880b5fb337dd07b4e2fae83e5ce0860dfaa2a00b8823369381ada1f2ba3
tools/c011_finalize.py,source/tools/c011_finalize.py,12320,tracked,d4ef0701e11af4b9c63373fd74d7ab6e3975677449f888398aa90240d8b3039d
tools/c011_parity.py,source/tools/c011_parity.py,9216,tracked,d425f88777fce6f943830f7e74202368ca63bfc6b58efe059d7dfe5bf7dc4831
tools/c011_ppo_parity.py,source/tools/c011_ppo_parity.py,15051,tracked,7a2d5c43ef8b955abc23899ffcea704b075c42c9deb6de223eba7e6b16c0784e
tools/c011_repair_c010.py,source/tools/c011_repair_c010.py,11680,tracked,40e91420349ab3a3d6ca280e8e381b4bfb28a09c4e1423c85987599be7797173
tools/c011_reports.py,source/tools/c011_reports.py,12165,tracked,4774c067764578ca2495767df6eb6619803e889113dcfcf08e600005eb0b4671
tools/c011_screen.py,source/tools/c011_screen.py,7078,tracked,a74e94ba67a3498ba94ebddd224d235ec5865a5c9d1e8f8f00ad44da77290081
tools/c011_torch_model.py,source/tools/c011_torch_model.py,12533,tracked,dc7f4f2e2f5d2d44f1d5abb8976eb70980b13bd9a1f99a4261bd9c3bce657248
tools/c011_torch_ppo.py,source/tools/c011_torch_ppo.py,7225,tracked,9e278b7edc8d2998fbe4876dbd8cd014478b5ec40d5a80fed9e6182c311f5a1e
tools/c011_train_scale.py,source/tools/c011_train_scale.py,21255,tracked,1eb6217e8a6ee2a2bff542522e0cd504103b1e0d131f01ec524e5a6029de8ea0
tools/c011_trainer_state.py,source/tools/c011_trainer_state.py,4299,tracked,4cc9e58ef551835d99139ed7e31850b4eebfeefdd5923f6042dea7d5eabeb953
tools/c011_validate_evidence.py,source/tools/c011_validate_evidence.py,16371,tracked,a04cc5e4e66c1005109c6b3448d68eac153114e69629384838d644254460580d
tools/c011_verify_deps.py,source/tools/c011_verify_deps.py,12003,tracked,5ecb61ee9b93f1faa30015db0e79d0362991a695506a61719f8331c897875d5e
tools/capture_episodes.py,source/tools/capture_episodes.py,14463,tracked,e488f1a1fde10d93694b76ebae962e372bd857795c305c8f84f3fcfffa666c05
tools/capture_episodes_v2.py,source/tools/capture_episodes_v2.py,9605,tracked,385b8765d8aec30342eaa26450954f78269aa5b9a76383f388c4da794ce0f4a5
tools/context_coverage_report.py,source/tools/context_coverage_report.py,8480,tracked,9d4a00ee3806705680a8333d25ef6870e3b167e674d5b7838870d9be69bb3528
tools/environment_report.py,source/tools/environment_report.py,4003,tracked,cb04522c07f8b7e6be3815cc9f3e00e4f7f3eeb72f6d12afd4c7c7115358e9ea
tools/generate_teacher_dataset.py,source/tools/generate_teacher_dataset.py,14527,tracked,f4e3d24236a538422af2fc72c4687bc4cb487ff018bc57b271d31a3e6d0d929c
tools/generate_v2_dataset.py,source/tools/generate_v2_dataset.py,12172,tracked,6f27bce13dcf845f391531fcc3d6f106518697f482dd64d9bdb685cd95e4c3be
tools/mine_tactical_failures.py,source/tools/mine_tactical_failures.py,4203,tracked,50e126af6e99c3d420c9815c655682545221f14a106a0e9dfc05c961b3f8d5fe
tools/offline_eval.py,source/tools/offline_eval.py,11036,tracked,8ae139125ffa2b9f44b007a28908cdc72f2951bf262bd1544d057e295bdc7a3d
tools/offline_eval_v2.py,source/tools/offline_eval_v2.py,9008,tracked,33c2151fc3757c08c402262b7d4e1c60c566425d2384d5221a4fd125e4111403
tools/run_gauntlet.py,source/tools/run_gauntlet.py,16232,tracked,98a67cfaf1f443dc37e6273ed0c5515c55c4c357e755fb64b81740b6401dee00
tools/run_strategic_gauntlet.py,source/tools/run_strategic_gauntlet.py,12619,tracked,ca0cffb38a74afd7556e721c828af24037103e9f95ac508a4dc519eb5f637eb4
tools/select_teacher.py,source/tools/select_teacher.py,7600,tracked,1e68b709a7705139765e79fc29c7bd38c0228a861ac283d947a45d8fb2b2e26b
tools/stateless_ambiguity.py,source/tools/stateless_ambiguity.py,7792,tracked,cab405ec6abf7226a09d555a1d946a6be2bbc42192cb61b77afbcda793509749
tools/train_rl.py,source/tools/train_rl.py,16685,tracked,36789259dbfd14ddcbfa307d71b7c5159421f55f80d892d0467929340252afaa
tools/train_student.py,source/tools/train_student.py,8125,tracked,f702b0831f68dbddd755f876aca02854290c9e1a97109f88396223ed88d4dfd8
tools/train_student_v2.py,source/tools/train_student_v2.py,6652,tracked,8cb20972b0d6e0a2cd82ec622a247f534d3a969d4acf9bd0ddd41c8ebed219ed
tools/validate_episode_jsonl.py,source/tools/validate_episode_jsonl.py,7322,tracked,17167b28f1d7f472447d5aebfed58a4752ca4c04b99c98089380332fc538e124
tools/validate_episodes_v2.py,source/tools/validate_episodes_v2.py,15889,tracked,d078dbbaf43204911fa5ed6d4967b541ad758e82762ce41797f2439dec2a4e7d
tools/validate_teacher_dataset.py,source/tools/validate_teacher_dataset.py,4889,tracked,491711af725671fe55614d232f9d93b6debb0e84bdb5e49d98ce174cb6a0ca5a
tools/validate_v2_dataset.py,source/tools/validate_v2_dataset.py,4535,tracked,efb88b4fd22862f37393364b3a5fe593e1d2a0fd9f177567ec6c9df6c414b6ba
tools/verify_runtime_assets.py,source/tools/verify_runtime_assets.py,5662,tracked,51e56381577c75c697d1a021ea1a27cfb6143686e690f259007f7c435d0111cf
